,Dataset Type,Expt,XGBR,Predictions
0,Test,43.254,46.7304,43.49717282324275
1,Test,57.332,50.6326,57.236855128143254
2,Test,53.981,32.786,42.26361024264347
3,Test,52.274,55.4502,53.50994529136455
4,Test,26.588,37.1562,34.80979056908607
5,Test,47.586,52.495,44.82256303720787
6,Test,48.307,53.0042,50.950992496800154
7,Test,52.299,55.6377,55.91146491417814
8,Test,51.032,45.91,48.30021206886991
