,Dataset Type,Expt,XGBR,Predictions
0,Test,43.254,46.7304,44.949812556604954
1,Test,57.332,50.6326,53.7607353299371
2,Test,53.981,32.786,44.158758994190634
3,Test,52.274,55.4502,51.370759053461114
4,Test,26.588,37.1562,39.378806441238666
5,Test,47.586,52.495,45.799752938094834
6,Test,48.307,53.0042,49.729765109556915
7,Test,52.299,55.6377,52.91079494844722
8,Test,51.032,45.91,48.02988434657716
